NAME,YEAR,TOTAL_VISITORS_YEAR,PROBLEM_WITH_COUNTER,MONTH,MONTH_NUMBER,SEASON,VISITOR_COUNT
Albany Park,2023,35138,False,JAN,1,Winter,6565
Albany Park,2023,35138,False,FEB,2,Winter,7308
Albany Park,2023,35138,False,MAR,3,Spring,6554
Albany Park,2023,35138,False,APR,4,Spring,7159
Albany Park,2023,35138,False,MAY,5,Spring,7552
Albany Park,2023,35138,False,JUN,6,Summer,0
Albany Park,2023,35138,False,JUL,7,Summer,0
Albany Park,2023,35138,False,AUG,8,Summer,0
Albany Park,2023,35138,False,SEP,9,Fall,0
Albany Park,2023,35138,False,OCT,10,Fall,0
Albany Park,2023,35138,False,NOV,11,Fall,0
Albany Park,2023,35138,False,DEC,12,Winter,0
Altgeld,2023,19418,False,JAN,1,Winter,3342
Altgeld,2023,19418,False,FEB,2,Winter,3529
Altgeld,2023,19418,False,MAR,3,Spring,4242
Altgeld,2023,19418,False,APR,4,Spring,4346
Altgeld,2023,19418,False,MAY,5,Spring,3959
Altgeld,2023,19418,False,JUN,6,Summer,0
Altgeld,2023,19418,False,JUL,7,Summer,0
Altgeld,2023,19418,False,AUG,8,Summer,0
Altgeld,2023,19418,False,SEP,9,Fall,0
Altgeld,2023,19418,False,OCT,10,Fall,0
Altgeld,2023,19418,False,NOV,11,Fall,0
Altgeld,2023,19418,False,DEC,12,Winter,0
Archer Heights,2023,19245,False,JAN,1,Winter,3282
Archer Heights,2023,19245,False,FEB,2,Winter,6377
Archer Heights,2023,19245,False,MAR,3,Spring,6239
Archer Heights,2023,19245,False,APR,4,Spring,2610
Archer Heights,2023,19245,False,MAY,5,Spring,737
Archer Heights,2023,19245,False,JUN,6,Summer,0
Archer Heights,2023,19245,False,JUL,7,Summer,0
Archer Heights,2023,19245,False,AUG,8,Summer,0
Archer Heights,2023,19245,False,SEP,9,Fall,0
Archer Heights,2023,19245,False,OCT,10,Fall,0
Archer Heights,2023,19245,False,NOV,11,Fall,0
Archer Heights,2023,19245,False,DEC,12,Winter,0
Austin,2023,19049,False,JAN,1,Winter,3335
Austin,2023,19049,False,FEB,2,Winter,3313
Austin,2023,19049,False,MAR,3,Spring,4077
Austin,2023,19049,False,APR,4,Spring,4028
Austin,2023,19049,False,MAY,5,Spring,4296
Austin,2023,19049,False,JUN,6,Summer,0
Austin,2023,19049,False,JUL,7,Summer,0
Austin,2023,19049,False,AUG,8,Summer,0
Austin,2023,19049,False,SEP,9,Fall,0
Austin,2023,19049,False,OCT,10,Fall,0
Austin,2023,19049,False,NOV,11,Fall,0
Austin,2023,19049,False,DEC,12,Winter,0
Austin-Irving,2023,16357,False,JAN,1,Winter,3165
Austin-Irving,2023,16357,False,FEB,2,Winter,3462
Austin-Irving,2023,16357,False,MAR,3,Spring,3438
Austin-Irving,2023,16357,False,APR,4,Spring,3240
Austin-Irving,2023,16357,False,MAY,5,Spring,3052
Austin-Irving,2023,16357,False,JUN,6,Summer,0
Austin-Irving,2023,16357,False,JUL,7,Summer,0
Austin-Irving,2023,16357,False,AUG,8,Summer,0
Austin-Irving,2023,16357,False,SEP,9,Fall,0
Austin-Irving,2023,16357,False,OCT,10,Fall,0
Austin-Irving,2023,16357,False,NOV,11,Fall,0
Austin-Irving,2023,16357,False,DEC,12,Winter,0
Avalon,2023,18462,False,JAN,1,Winter,3345
Avalon,2023,18462,False,FEB,2,Winter,3417
Avalon,2023,18462,False,MAR,3,Spring,4169
Avalon,2023,18462,False,APR,4,Spring,3917
Avalon,2023,18462,False,MAY,5,Spring,3614
Avalon,2023,18462,False,JUN,6,Summer,0
Avalon,2023,18462,False,JUL,7,Summer,0
Avalon,2023,18462,False,AUG,8,Summer,0
Avalon,2023,18462,False,SEP,9,Fall,0
Avalon,2023,18462,False,OCT,10,Fall,0
Avalon,2023,18462,False,NOV,11,Fall,0
Avalon,2023,18462,False,DEC,12,Winter,0
Back of the Yards,2023,15496,False,JAN,1,Winter,2440
Back of the Yards,2023,15496,False,FEB,2,Winter,2529
Back of the Yards,2023,15496,False,MAR,3,Spring,3529
Back of the Yards,2023,15496,False,APR,4,Spring,3525
Back of the Yards,2023,15496,False,MAY,5,Spring,3473
Back of the Yards,2023,15496,False,JUN,6,Summer,0
Back of the Yards,2023,15496,False,JUL,7,Summer,0
Back of the Yards,2023,15496,False,AUG,8,Summer,0
Back of the Yards,2023,15496,False,SEP,9,Fall,0
Back of the Yards,2023,15496,False,OCT,10,Fall,0
Back of the Yards,2023,15496,False,NOV,11,Fall,0
Back of the Yards,2023,15496,False,DEC,12,Winter,0
Beverly,2023,14674,False,JAN,1,Winter,2724
Beverly,2023,14674,False,FEB,2,Winter,2792
Beverly,2023,14674,False,MAR,3,Spring,3527
Beverly,2023,14674,False,APR,4,Spring,2989
Beverly,2023,14674,False,MAY,5,Spring,2642
Beverly,2023,14674,False,JUN,6,Summer,0
Beverly,2023,14674,False,JUL,7,Summer,0
Beverly,2023,14674,False,AUG,8,Summer,0
Beverly,2023,14674,False,SEP,9,Fall,0
Beverly,2023,14674,False,OCT,10,Fall,0
Beverly,2023,14674,False,NOV,11,Fall,0
Beverly,2023,14674,False,DEC,12,Winter,0
Bezazian,2023,20142,False,JAN,1,Winter,3766
Bezazian,2023,20142,False,FEB,2,Winter,3742
Bezazian,2023,20142,False,MAR,3,Spring,4305
Bezazian,2023,20142,False,APR,4,Spring,4302
Bezazian,2023,20142,False,MAY,5,Spring,4027
Bezazian,2023,20142,False,JUN,6,Summer,0
Bezazian,2023,20142,False,JUL,7,Summer,0
Bezazian,2023,20142,False,AUG,8,Summer,0
Bezazian,2023,20142,False,SEP,9,Fall,0
Bezazian,2023,20142,False,OCT,10,Fall,0
Bezazian,2023,20142,False,NOV,11,Fall,0
Bezazian,2023,20142,False,DEC,12,Winter,0
Blackstone,2023,35205,False,JAN,1,Winter,6396
Blackstone,2023,35205,False,FEB,2,Winter,6111
Blackstone,2023,35205,False,MAR,3,Spring,8340
Blackstone,2023,35205,False,APR,4,Spring,7206
Blackstone,2023,35205,False,MAY,5,Spring,7152
Blackstone,2023,35205,False,JUN,6,Summer,0
Blackstone,2023,35205,False,JUL,7,Summer,0
Blackstone,2023,35205,False,AUG,8,Summer,0
Blackstone,2023,35205,False,SEP,9,Fall,0
Blackstone,2023,35205,False,OCT,10,Fall,0
Blackstone,2023,35205,False,NOV,11,Fall,0
Blackstone,2023,35205,False,DEC,12,Winter,0
Brainerd,2023,5297,False,JAN,1,Winter,762
Brainerd,2023,5297,False,FEB,2,Winter,1023
Brainerd,2023,5297,False,MAR,3,Spring,1033
Brainerd,2023,5297,False,APR,4,Spring,1397
Brainerd,2023,5297,False,MAY,5,Spring,1082
Brainerd,2023,5297,False,JUN,6,Summer,0
Brainerd,2023,5297,False,JUL,7,Summer,0
Brainerd,2023,5297,False,AUG,8,Summer,0
Brainerd,2023,5297,False,SEP,9,Fall,0
Brainerd,2023,5297,False,OCT,10,Fall,0
Brainerd,2023,5297,False,NOV,11,Fall,0
Brainerd,2023,5297,False,DEC,12,Winter,0
Brighton Park,2023,17657,False,JAN,1,Winter,2346
Brighton Park,2023,17657,False,FEB,2,Winter,3629
Brighton Park,2023,17657,False,MAR,3,Spring,4285
Brighton Park,2023,17657,False,APR,4,Spring,4267
Brighton Park,2023,17657,False,MAY,5,Spring,3130
Brighton Park,2023,17657,False,JUN,6,Summer,0
Brighton Park,2023,17657,False,JUL,7,Summer,0
Brighton Park,2023,17657,False,AUG,8,Summer,0
Brighton Park,2023,17657,False,SEP,9,Fall,0
Brighton Park,2023,17657,False,OCT,10,Fall,0
Brighton Park,2023,17657,False,NOV,11,Fall,0
Brighton Park,2023,17657,False,DEC,12,Winter,0
Bucktown-Wicker Park,2023,23655,False,JAN,1,Winter,3662
Bucktown-Wicker Park,2023,23655,False,FEB,2,Winter,5151
Bucktown-Wicker Park,2023,23655,False,MAR,3,Spring,5208
Bucktown-Wicker Park,2023,23655,False,APR,4,Spring,5988
Bucktown-Wicker Park,2023,23655,False,MAY,5,Spring,3646
Bucktown-Wicker Park,2023,23655,False,JUN,6,Summer,0
Bucktown-Wicker Park,2023,23655,False,JUL,7,Summer,0
Bucktown-Wicker Park,2023,23655,False,AUG,8,Summer,0
Bucktown-Wicker Park,2023,23655,False,SEP,9,Fall,0
Bucktown-Wicker Park,2023,23655,False,OCT,10,Fall,0
Bucktown-Wicker Park,2023,23655,False,NOV,11,Fall,0
Bucktown-Wicker Park,2023,23655,False,DEC,12,Winter,0
Budlong Woods,2023,26747,False,JAN,1,Winter,3641
Budlong Woods,2023,26747,False,FEB,2,Winter,6962
Budlong Woods,2023,26747,False,MAR,3,Spring,6465
Budlong Woods,2023,26747,False,APR,4,Spring,5755
Budlong Woods,2023,26747,False,MAY,5,Spring,3924
Budlong Woods,2023,26747,False,JUN,6,Summer,0
Budlong Woods,2023,26747,False,JUL,7,Summer,0
Budlong Woods,2023,26747,False,AUG,8,Summer,0
Budlong Woods,2023,26747,False,SEP,9,Fall,0
Budlong Woods,2023,26747,False,OCT,10,Fall,0
Budlong Woods,2023,26747,False,NOV,11,Fall,0
Budlong Woods,2023,26747,False,DEC,12,Winter,0
Canaryville,2023,6933,False,JAN,1,Winter,1228
Canaryville,2023,6933,False,FEB,2,Winter,1290
Canaryville,2023,6933,False,MAR,3,Spring,1720
Canaryville,2023,6933,False,APR,4,Spring,1420
Canaryville,2023,6933,False,MAY,5,Spring,1275
Canaryville,2023,6933,False,JUN,6,Summer,0
Canaryville,2023,6933,False,JUL,7,Summer,0
Canaryville,2023,6933,False,AUG,8,Summer,0
Canaryville,2023,6933,False,SEP,9,Fall,0
Canaryville,2023,6933,False,OCT,10,Fall,0
Canaryville,2023,6933,False,NOV,11,Fall,0
Canaryville,2023,6933,False,DEC,12,Winter,0
Chicago Bee,2023,5349,False,JAN,1,Winter,881
Chicago Bee,2023,5349,False,FEB,2,Winter,1022
Chicago Bee,2023,5349,False,MAR,3,Spring,1216
Chicago Bee,2023,5349,False,APR,4,Spring,1197
Chicago Bee,2023,5349,False,MAY,5,Spring,1033
Chicago Bee,2023,5349,False,JUN,6,Summer,0
Chicago Bee,2023,5349,False,JUL,7,Summer,0
Chicago Bee,2023,5349,False,AUG,8,Summer,0
Chicago Bee,2023,5349,False,SEP,9,Fall,0
Chicago Bee,2023,5349,False,OCT,10,Fall,0
Chicago Bee,2023,5349,False,NOV,11,Fall,0
Chicago Bee,2023,5349,False,DEC,12,Winter,0
Chicago Lawn,2023,19458,False,JAN,1,Winter,3320
Chicago Lawn,2023,19458,False,FEB,2,Winter,3687
Chicago Lawn,2023,19458,False,MAR,3,Spring,4129
Chicago Lawn,2023,19458,False,APR,4,Spring,4358
Chicago Lawn,2023,19458,False,MAY,5,Spring,3964
Chicago Lawn,2023,19458,False,JUN,6,Summer,0
Chicago Lawn,2023,19458,False,JUL,7,Summer,0
Chicago Lawn,2023,19458,False,AUG,8,Summer,0
Chicago Lawn,2023,19458,False,SEP,9,Fall,0
Chicago Lawn,2023,19458,False,OCT,10,Fall,0
Chicago Lawn,2023,19458,False,NOV,11,Fall,0
Chicago Lawn,2023,19458,False,DEC,12,Winter,0
Chinatown,2023,74002,False,JAN,1,Winter,12943
Chinatown,2023,74002,False,FEB,2,Winter,12093
Chinatown,2023,74002,False,MAR,3,Spring,16430
Chinatown,2023,74002,False,APR,4,Spring,16045
Chinatown,2023,74002,False,MAY,5,Spring,16491
Chinatown,2023,74002,False,JUN,6,Summer,0
Chinatown,2023,74002,False,JUL,7,Summer,0
Chinatown,2023,74002,False,AUG,8,Summer,0
Chinatown,2023,74002,False,SEP,9,Fall,0
Chinatown,2023,74002,False,OCT,10,Fall,0
Chinatown,2023,74002,False,NOV,11,Fall,0
Chinatown,2023,74002,False,DEC,12,Winter,0
Clearing,2023,5750,False,JAN,1,Winter,1095
Clearing,2023,5750,False,FEB,2,Winter,630
Clearing,2023,5750,False,MAR,3,Spring,610
Clearing,2023,5750,False,APR,4,Spring,2935
Clearing,2023,5750,False,MAY,5,Spring,480
Clearing,2023,5750,False,JUN,6,Summer,0
Clearing,2023,5750,False,JUL,7,Summer,0
Clearing,2023,5750,False,AUG,8,Summer,0
Clearing,2023,5750,False,SEP,9,Fall,0
Clearing,2023,5750,False,OCT,10,Fall,0
Clearing,2023,5750,False,NOV,11,Fall,0
Clearing,2023,5750,False,DEC,12,Winter,0
Coleman,2023,11114,False,JAN,1,Winter,2221
Coleman,2023,11114,False,FEB,2,Winter,1750
Coleman,2023,11114,False,MAR,3,Spring,1802
Coleman,2023,11114,False,APR,4,Spring,2812
Coleman,2023,11114,False,MAY,5,Spring,2529
Coleman,2023,11114,False,JUN,6,Summer,0
Coleman,2023,11114,False,JUL,7,Summer,0
Coleman,2023,11114,False,AUG,8,Summer,0
Coleman,2023,11114,False,SEP,9,Fall,0
Coleman,2023,11114,False,OCT,10,Fall,0
Coleman,2023,11114,False,NOV,11,Fall,0
Coleman,2023,11114,False,DEC,12,Winter,0
"Daley, Richard J.",2023,17391,False,JAN,1,Winter,1754
"Daley, Richard J.",2023,17391,False,FEB,2,Winter,2150
"Daley, Richard J.",2023,17391,False,MAR,3,Spring,3544
"Daley, Richard J.",2023,17391,False,APR,4,Spring,5498
"Daley, Richard J.",2023,17391,False,MAY,5,Spring,4445
"Daley, Richard J.",2023,17391,False,JUN,6,Summer,0
"Daley, Richard J.",2023,17391,False,JUL,7,Summer,0
"Daley, Richard J.",2023,17391,False,AUG,8,Summer,0
"Daley, Richard J.",2023,17391,False,SEP,9,Fall,0
"Daley, Richard J.",2023,17391,False,OCT,10,Fall,0
"Daley, Richard J.",2023,17391,False,NOV,11,Fall,0
"Daley, Richard J.",2023,17391,False,DEC,12,Winter,0
"Daley, Richard M.",2023,21482,False,JAN,1,Winter,3948
"Daley, Richard M.",2023,21482,False,FEB,2,Winter,4199
"Daley, Richard M.",2023,21482,False,MAR,3,Spring,5000
"Daley, Richard M.",2023,21482,False,APR,4,Spring,4322
"Daley, Richard M.",2023,21482,False,MAY,5,Spring,4013
"Daley, Richard M.",2023,21482,False,JUN,6,Summer,0
"Daley, Richard M.",2023,21482,False,JUL,7,Summer,0
"Daley, Richard M.",2023,21482,False,AUG,8,Summer,0
"Daley, Richard M.",2023,21482,False,SEP,9,Fall,0
"Daley, Richard M.",2023,21482,False,OCT,10,Fall,0
"Daley, Richard M.",2023,21482,False,NOV,11,Fall,0
"Daley, Richard M.",2023,21482,False,DEC,12,Winter,0
Douglass,2023,6603,False,JAN,1,Winter,2281
Douglass,2023,6603,False,FEB,2,Winter,1605
Douglass,2023,6603,False,MAR,3,Spring,1818
Douglass,2023,6603,False,APR,4,Spring,400
Douglass,2023,6603,False,MAY,5,Spring,499
Douglass,2023,6603,False,JUN,6,Summer,0
Douglass,2023,6603,False,JUL,7,Summer,0
Douglass,2023,6603,False,AUG,8,Summer,0
Douglass,2023,6603,False,SEP,9,Fall,0
Douglass,2023,6603,False,OCT,10,Fall,0
Douglass,2023,6603,False,NOV,11,Fall,0
Douglass,2023,6603,False,DEC,12,Winter,0
Dunning,2023,28903,False,JAN,1,Winter,5224
Dunning,2023,28903,False,FEB,2,Winter,5559
Dunning,2023,28903,False,MAR,3,Spring,5898
Dunning,2023,28903,False,APR,4,Spring,6175
Dunning,2023,28903,False,MAY,5,Spring,6047
Dunning,2023,28903,False,JUN,6,Summer,0
Dunning,2023,28903,False,JUL,7,Summer,0
Dunning,2023,28903,False,AUG,8,Summer,0
Dunning,2023,28903,False,SEP,9,Fall,0
Dunning,2023,28903,False,OCT,10,Fall,0
Dunning,2023,28903,False,NOV,11,Fall,0
Dunning,2023,28903,False,DEC,12,Winter,0
Edgebrook,2023,29508,False,JAN,1,Winter,5774
Edgebrook,2023,29508,False,FEB,2,Winter,5827
Edgebrook,2023,29508,False,MAR,3,Spring,6259
Edgebrook,2023,29508,False,APR,4,Spring,5770
Edgebrook,2023,29508,False,MAY,5,Spring,5878
Edgebrook,2023,29508,False,JUN,6,Summer,0
Edgebrook,2023,29508,False,JUL,7,Summer,0
Edgebrook,2023,29508,False,AUG,8,Summer,0
Edgebrook,2023,29508,False,SEP,9,Fall,0
Edgebrook,2023,29508,False,OCT,10,Fall,0
Edgebrook,2023,29508,False,NOV,11,Fall,0
Edgebrook,2023,29508,False,DEC,12,Winter,0
Edgewater,2023,44992,False,JAN,1,Winter,8408
Edgewater,2023,44992,False,FEB,2,Winter,8676
Edgewater,2023,44992,False,MAR,3,Spring,9075
Edgewater,2023,44992,False,APR,4,Spring,10534
Edgewater,2023,44992,False,MAY,5,Spring,8299
Edgewater,2023,44992,False,JUN,6,Summer,0
Edgewater,2023,44992,False,JUL,7,Summer,0
Edgewater,2023,44992,False,AUG,8,Summer,0
Edgewater,2023,44992,False,SEP,9,Fall,0
Edgewater,2023,44992,False,OCT,10,Fall,0
Edgewater,2023,44992,False,NOV,11,Fall,0
Edgewater,2023,44992,False,DEC,12,Winter,0
Gage Park,2023,11142,False,JAN,1,Winter,1715
Gage Park,2023,11142,False,FEB,2,Winter,1511
Gage Park,2023,11142,False,MAR,3,Spring,3794
Gage Park,2023,11142,False,APR,4,Spring,2243
Gage Park,2023,11142,False,MAY,5,Spring,1879
Gage Park,2023,11142,False,JUN,6,Summer,0
Gage Park,2023,11142,False,JUL,7,Summer,0
Gage Park,2023,11142,False,AUG,8,Summer,0
Gage Park,2023,11142,False,SEP,9,Fall,0
Gage Park,2023,11142,False,OCT,10,Fall,0
Gage Park,2023,11142,False,NOV,11,Fall,0
Gage Park,2023,11142,False,DEC,12,Winter,0
Galewood-Mont Clare,2023,0,False,JAN,1,Winter,0
Galewood-Mont Clare,2023,0,False,FEB,2,Winter,0
Galewood-Mont Clare,2023,0,False,MAR,3,Spring,0
Galewood-Mont Clare,2023,0,False,APR,4,Spring,0
Galewood-Mont Clare,2023,0,False,MAY,5,Spring,0
Galewood-Mont Clare,2023,0,False,JUN,6,Summer,0
Galewood-Mont Clare,2023,0,False,JUL,7,Summer,0
Galewood-Mont Clare,2023,0,False,AUG,8,Summer,0
Galewood-Mont Clare,2023,0,False,SEP,9,Fall,0
Galewood-Mont Clare,2023,0,False,OCT,10,Fall,0
Galewood-Mont Clare,2023,0,False,NOV,11,Fall,0
Galewood-Mont Clare,2023,0,False,DEC,12,Winter,0
Garfield Ridge,2023,25157,False,JAN,1,Winter,4670
Garfield Ridge,2023,25157,False,FEB,2,Winter,4862
Garfield Ridge,2023,25157,False,MAR,3,Spring,5640
Garfield Ridge,2023,25157,False,APR,4,Spring,5194
Garfield Ridge,2023,25157,False,MAY,5,Spring,4791
Garfield Ridge,2023,25157,False,JUN,6,Summer,0
Garfield Ridge,2023,25157,False,JUL,7,Summer,0
Garfield Ridge,2023,25157,False,AUG,8,Summer,0
Garfield Ridge,2023,25157,False,SEP,9,Fall,0
Garfield Ridge,2023,25157,False,OCT,10,Fall,0
Garfield Ridge,2023,25157,False,NOV,11,Fall,0
Garfield Ridge,2023,25157,False,DEC,12,Winter,0
Greater Grand Crossing,2023,17617,False,JAN,1,Winter,2850
Greater Grand Crossing,2023,17617,False,FEB,2,Winter,2852
Greater Grand Crossing,2023,17617,False,MAR,3,Spring,3992
Greater Grand Crossing,2023,17617,False,APR,4,Spring,3740
Greater Grand Crossing,2023,17617,False,MAY,5,Spring,4183
Greater Grand Crossing,2023,17617,False,JUN,6,Summer,0
Greater Grand Crossing,2023,17617,False,JUL,7,Summer,0
Greater Grand Crossing,2023,17617,False,AUG,8,Summer,0
Greater Grand Crossing,2023,17617,False,SEP,9,Fall,0
Greater Grand Crossing,2023,17617,False,OCT,10,Fall,0
Greater Grand Crossing,2023,17617,False,NOV,11,Fall,0
Greater Grand Crossing,2023,17617,False,DEC,12,Winter,0
Hall,2023,13848,False,JAN,1,Winter,2360
Hall,2023,13848,False,FEB,2,Winter,2208
Hall,2023,13848,False,MAR,3,Spring,3020
Hall,2023,13848,False,APR,4,Spring,2950
Hall,2023,13848,False,MAY,5,Spring,3310
Hall,2023,13848,False,JUN,6,Summer,0
Hall,2023,13848,False,JUL,7,Summer,0
Hall,2023,13848,False,AUG,8,Summer,0
Hall,2023,13848,False,SEP,9,Fall,0
Hall,2023,13848,False,OCT,10,Fall,0
Hall,2023,13848,False,NOV,11,Fall,0
Hall,2023,13848,False,DEC,12,Winter,0
Harold Washtington Library Center,2023,174941,False,JAN,1,Winter,31440
Harold Washtington Library Center,2023,174941,False,FEB,2,Winter,34144
Harold Washtington Library Center,2023,174941,False,MAR,3,Spring,37003
Harold Washtington Library Center,2023,174941,False,APR,4,Spring,32806
Harold Washtington Library Center,2023,174941,False,MAY,5,Spring,39548
Harold Washtington Library Center,2023,174941,False,JUN,6,Summer,0
Harold Washtington Library Center,2023,174941,False,JUL,7,Summer,0
Harold Washtington Library Center,2023,174941,False,AUG,8,Summer,0
Harold Washtington Library Center,2023,174941,False,SEP,9,Fall,0
Harold Washtington Library Center,2023,174941,False,OCT,10,Fall,0
Harold Washtington Library Center,2023,174941,False,NOV,11,Fall,0
Harold Washtington Library Center,2023,174941,False,DEC,12,Winter,0
Hegewisch,2023,6984,False,JAN,1,Winter,1245
Hegewisch,2023,6984,False,FEB,2,Winter,1501
Hegewisch,2023,6984,False,MAR,3,Spring,1511
Hegewisch,2023,6984,False,APR,4,Spring,1577
Hegewisch,2023,6984,False,MAY,5,Spring,1150
Hegewisch,2023,6984,False,JUN,6,Summer,0
Hegewisch,2023,6984,False,JUL,7,Summer,0
Hegewisch,2023,6984,False,AUG,8,Summer,0
Hegewisch,2023,6984,False,SEP,9,Fall,0
Hegewisch,2023,6984,False,OCT,10,Fall,0
Hegewisch,2023,6984,False,NOV,11,Fall,0
Hegewisch,2023,6984,False,DEC,12,Winter,0
Humboldt Park,2023,14756,False,JAN,1,Winter,2134
Humboldt Park,2023,14756,False,FEB,2,Winter,4843
Humboldt Park,2023,14756,False,MAR,3,Spring,2767
Humboldt Park,2023,14756,False,APR,4,Spring,2608
Humboldt Park,2023,14756,False,MAY,5,Spring,2404
Humboldt Park,2023,14756,False,JUN,6,Summer,0
Humboldt Park,2023,14756,False,JUL,7,Summer,0
Humboldt Park,2023,14756,False,AUG,8,Summer,0
Humboldt Park,2023,14756,False,SEP,9,Fall,0
Humboldt Park,2023,14756,False,OCT,10,Fall,0
Humboldt Park,2023,14756,False,NOV,11,Fall,0
Humboldt Park,2023,14756,False,DEC,12,Winter,0
Independence,2023,19647,False,JAN,1,Winter,3638
Independence,2023,19647,False,FEB,2,Winter,4542
Independence,2023,19647,False,MAR,3,Spring,4108
Independence,2023,19647,False,APR,4,Spring,3993
Independence,2023,19647,False,MAY,5,Spring,3366
Independence,2023,19647,False,JUN,6,Summer,0
Independence,2023,19647,False,JUL,7,Summer,0
Independence,2023,19647,False,AUG,8,Summer,0
Independence,2023,19647,False,SEP,9,Fall,0
Independence,2023,19647,False,OCT,10,Fall,0
Independence,2023,19647,False,NOV,11,Fall,0
Independence,2023,19647,False,DEC,12,Winter,0
Jefferson Park,2023,18752,False,JAN,1,Winter,3187
Jefferson Park,2023,18752,False,FEB,2,Winter,2839
Jefferson Park,2023,18752,False,MAR,3,Spring,3345
Jefferson Park,2023,18752,False,APR,4,Spring,5012
Jefferson Park,2023,18752,False,MAY,5,Spring,4369
Jefferson Park,2023,18752,False,JUN,6,Summer,0
Jefferson Park,2023,18752,False,JUL,7,Summer,0
Jefferson Park,2023,18752,False,AUG,8,Summer,0
Jefferson Park,2023,18752,False,SEP,9,Fall,0
Jefferson Park,2023,18752,False,OCT,10,Fall,0
Jefferson Park,2023,18752,False,NOV,11,Fall,0
Jefferson Park,2023,18752,False,DEC,12,Winter,0
Jeffery Manor,2023,8284,False,JAN,1,Winter,920
Jeffery Manor,2023,8284,False,FEB,2,Winter,1797
Jeffery Manor,2023,8284,False,MAR,3,Spring,1731
Jeffery Manor,2023,8284,False,APR,4,Spring,1890
Jeffery Manor,2023,8284,False,MAY,5,Spring,1946
Jeffery Manor,2023,8284,False,JUN,6,Summer,0
Jeffery Manor,2023,8284,False,JUL,7,Summer,0
Jeffery Manor,2023,8284,False,AUG,8,Summer,0
Jeffery Manor,2023,8284,False,SEP,9,Fall,0
Jeffery Manor,2023,8284,False,OCT,10,Fall,0
Jeffery Manor,2023,8284,False,NOV,11,Fall,0
Jeffery Manor,2023,8284,False,DEC,12,Winter,0
Kelly,2023,13171,False,JAN,1,Winter,2361
Kelly,2023,13171,False,FEB,2,Winter,2276
Kelly,2023,13171,False,MAR,3,Spring,2598
Kelly,2023,13171,False,APR,4,Spring,3035
Kelly,2023,13171,False,MAY,5,Spring,2901
Kelly,2023,13171,False,JUN,6,Summer,0
Kelly,2023,13171,False,JUL,7,Summer,0
Kelly,2023,13171,False,AUG,8,Summer,0
Kelly,2023,13171,False,SEP,9,Fall,0
Kelly,2023,13171,False,OCT,10,Fall,0
Kelly,2023,13171,False,NOV,11,Fall,0
Kelly,2023,13171,False,DEC,12,Winter,0
King,2023,7010,False,JAN,1,Winter,1208
King,2023,7010,False,FEB,2,Winter,1333
King,2023,7010,False,MAR,3,Spring,1377
King,2023,7010,False,APR,4,Spring,1452
King,2023,7010,False,MAY,5,Spring,1640
King,2023,7010,False,JUN,6,Summer,0
King,2023,7010,False,JUL,7,Summer,0
King,2023,7010,False,AUG,8,Summer,0
King,2023,7010,False,SEP,9,Fall,0
King,2023,7010,False,OCT,10,Fall,0
King,2023,7010,False,NOV,11,Fall,0
King,2023,7010,False,DEC,12,Winter,0
Legler Regional,2023,15630,False,JAN,1,Winter,2745
Legler Regional,2023,15630,False,FEB,2,Winter,2781
Legler Regional,2023,15630,False,MAR,3,Spring,3538
Legler Regional,2023,15630,False,APR,4,Spring,3476
Legler Regional,2023,15630,False,MAY,5,Spring,3090
Legler Regional,2023,15630,False,JUN,6,Summer,0
Legler Regional,2023,15630,False,JUL,7,Summer,0
Legler Regional,2023,15630,False,AUG,8,Summer,0
Legler Regional,2023,15630,False,SEP,9,Fall,0
Legler Regional,2023,15630,False,OCT,10,Fall,0
Legler Regional,2023,15630,False,NOV,11,Fall,0
Legler Regional,2023,15630,False,DEC,12,Winter,0
Lincoln Belmont,2023,40126,False,JAN,1,Winter,7534
Lincoln Belmont,2023,40126,False,FEB,2,Winter,7608
Lincoln Belmont,2023,40126,False,MAR,3,Spring,8966
Lincoln Belmont,2023,40126,False,APR,4,Spring,8509
Lincoln Belmont,2023,40126,False,MAY,5,Spring,7509
Lincoln Belmont,2023,40126,False,JUN,6,Summer,0
Lincoln Belmont,2023,40126,False,JUL,7,Summer,0
Lincoln Belmont,2023,40126,False,AUG,8,Summer,0
Lincoln Belmont,2023,40126,False,SEP,9,Fall,0
Lincoln Belmont,2023,40126,False,OCT,10,Fall,0
Lincoln Belmont,2023,40126,False,NOV,11,Fall,0
Lincoln Belmont,2023,40126,False,DEC,12,Winter,0
Lincoln Park,2023,59704,False,JAN,1,Winter,9102
Lincoln Park,2023,59704,False,FEB,2,Winter,13927
Lincoln Park,2023,59704,False,MAR,3,Spring,14045
Lincoln Park,2023,59704,False,APR,4,Spring,14697
Lincoln Park,2023,59704,False,MAY,5,Spring,7933
Lincoln Park,2023,59704,False,JUN,6,Summer,0
Lincoln Park,2023,59704,False,JUL,7,Summer,0
Lincoln Park,2023,59704,False,AUG,8,Summer,0
Lincoln Park,2023,59704,False,SEP,9,Fall,0
Lincoln Park,2023,59704,False,OCT,10,Fall,0
Lincoln Park,2023,59704,False,NOV,11,Fall,0
Lincoln Park,2023,59704,False,DEC,12,Winter,0
Little Italy,2023,40828,False,JAN,1,Winter,7679
Little Italy,2023,40828,False,FEB,2,Winter,7318
Little Italy,2023,40828,False,MAR,3,Spring,8778
Little Italy,2023,40828,False,APR,4,Spring,8378
Little Italy,2023,40828,False,MAY,5,Spring,8675
Little Italy,2023,40828,False,JUN,6,Summer,0
Little Italy,2023,40828,False,JUL,7,Summer,0
Little Italy,2023,40828,False,AUG,8,Summer,0
Little Italy,2023,40828,False,SEP,9,Fall,0
Little Italy,2023,40828,False,OCT,10,Fall,0
Little Italy,2023,40828,False,NOV,11,Fall,0
Little Italy,2023,40828,False,DEC,12,Winter,0
Little Village,2023,16598,False,JAN,1,Winter,2402
Little Village,2023,16598,False,FEB,2,Winter,3042
Little Village,2023,16598,False,MAR,3,Spring,3836
Little Village,2023,16598,False,APR,4,Spring,3653
Little Village,2023,16598,False,MAY,5,Spring,3665
Little Village,2023,16598,False,JUN,6,Summer,0
Little Village,2023,16598,False,JUL,7,Summer,0
Little Village,2023,16598,False,AUG,8,Summer,0
Little Village,2023,16598,False,SEP,9,Fall,0
Little Village,2023,16598,False,OCT,10,Fall,0
Little Village,2023,16598,False,NOV,11,Fall,0
Little Village,2023,16598,False,DEC,12,Winter,0
Logan Square,2023,54417,False,JAN,1,Winter,10711
Logan Square,2023,54417,False,FEB,2,Winter,9805
Logan Square,2023,54417,False,MAR,3,Spring,12323
Logan Square,2023,54417,False,APR,4,Spring,11115
Logan Square,2023,54417,False,MAY,5,Spring,10463
Logan Square,2023,54417,False,JUN,6,Summer,0
Logan Square,2023,54417,False,JUL,7,Summer,0
Logan Square,2023,54417,False,AUG,8,Summer,0
Logan Square,2023,54417,False,SEP,9,Fall,0
Logan Square,2023,54417,False,OCT,10,Fall,0
Logan Square,2023,54417,False,NOV,11,Fall,0
Logan Square,2023,54417,False,DEC,12,Winter,0
Lozano,2023,24120,False,JAN,1,Winter,3697
Lozano,2023,24120,False,FEB,2,Winter,5999
Lozano,2023,24120,False,MAR,3,Spring,5354
Lozano,2023,24120,False,APR,4,Spring,4991
Lozano,2023,24120,False,MAY,5,Spring,4079
Lozano,2023,24120,False,JUN,6,Summer,0
Lozano,2023,24120,False,JUL,7,Summer,0
Lozano,2023,24120,False,AUG,8,Summer,0
Lozano,2023,24120,False,SEP,9,Fall,0
Lozano,2023,24120,False,OCT,10,Fall,0
Lozano,2023,24120,False,NOV,11,Fall,0
Lozano,2023,24120,False,DEC,12,Winter,0
Manning,2023,18208,False,JAN,1,Winter,3272
Manning,2023,18208,False,FEB,2,Winter,3333
Manning,2023,18208,False,MAR,3,Spring,3536
Manning,2023,18208,False,APR,4,Spring,3999
Manning,2023,18208,False,MAY,5,Spring,4068
Manning,2023,18208,False,JUN,6,Summer,0
Manning,2023,18208,False,JUL,7,Summer,0
Manning,2023,18208,False,AUG,8,Summer,0
Manning,2023,18208,False,SEP,9,Fall,0
Manning,2023,18208,False,OCT,10,Fall,0
Manning,2023,18208,False,NOV,11,Fall,0
Manning,2023,18208,False,DEC,12,Winter,0
Mayfair,2023,12705,False,JAN,1,Winter,1585
Mayfair,2023,12705,False,FEB,2,Winter,2201
Mayfair,2023,12705,False,MAR,3,Spring,2908
Mayfair,2023,12705,False,APR,4,Spring,3110
Mayfair,2023,12705,False,MAY,5,Spring,2901
Mayfair,2023,12705,False,JUN,6,Summer,0
Mayfair,2023,12705,False,JUL,7,Summer,0
Mayfair,2023,12705,False,AUG,8,Summer,0
Mayfair,2023,12705,False,SEP,9,Fall,0
Mayfair,2023,12705,False,OCT,10,Fall,0
Mayfair,2023,12705,False,NOV,11,Fall,0
Mayfair,2023,12705,False,DEC,12,Winter,0
McKinley Park,2023,30339,False,JAN,1,Winter,4587
McKinley Park,2023,30339,False,FEB,2,Winter,7009
McKinley Park,2023,30339,False,MAR,3,Spring,7157
McKinley Park,2023,30339,False,APR,4,Spring,5770
McKinley Park,2023,30339,False,MAY,5,Spring,5816
McKinley Park,2023,30339,False,JUN,6,Summer,0
McKinley Park,2023,30339,False,JUL,7,Summer,0
McKinley Park,2023,30339,False,AUG,8,Summer,0
McKinley Park,2023,30339,False,SEP,9,Fall,0
McKinley Park,2023,30339,False,OCT,10,Fall,0
McKinley Park,2023,30339,False,NOV,11,Fall,0
McKinley Park,2023,30339,False,DEC,12,Winter,0
Merlo,2023,54635,False,JAN,1,Winter,8024
Merlo,2023,54635,False,FEB,2,Winter,12599
Merlo,2023,54635,False,MAR,3,Spring,13585
Merlo,2023,54635,False,APR,4,Spring,11985
Merlo,2023,54635,False,MAY,5,Spring,8442
Merlo,2023,54635,False,JUN,6,Summer,0
Merlo,2023,54635,False,JUL,7,Summer,0
Merlo,2023,54635,False,AUG,8,Summer,0
Merlo,2023,54635,False,SEP,9,Fall,0
Merlo,2023,54635,False,OCT,10,Fall,0
Merlo,2023,54635,False,NOV,11,Fall,0
Merlo,2023,54635,False,DEC,12,Winter,0
Mount Greenwood,2023,8624,False,JAN,1,Winter,2044
Mount Greenwood,2023,8624,False,FEB,2,Winter,297
Mount Greenwood,2023,8624,False,MAR,3,Spring,1227
Mount Greenwood,2023,8624,False,APR,4,Spring,2623
Mount Greenwood,2023,8624,False,MAY,5,Spring,2433
Mount Greenwood,2023,8624,False,JUN,6,Summer,0
Mount Greenwood,2023,8624,False,JUL,7,Summer,0
Mount Greenwood,2023,8624,False,AUG,8,Summer,0
Mount Greenwood,2023,8624,False,SEP,9,Fall,0
Mount Greenwood,2023,8624,False,OCT,10,Fall,0
Mount Greenwood,2023,8624,False,NOV,11,Fall,0
Mount Greenwood,2023,8624,False,DEC,12,Winter,0
Near North,2023,46170,False,JAN,1,Winter,6661
Near North,2023,46170,False,FEB,2,Winter,11052
Near North,2023,46170,False,MAR,3,Spring,11254
Near North,2023,46170,False,APR,4,Spring,10335
Near North,2023,46170,False,MAY,5,Spring,6868
Near North,2023,46170,False,JUN,6,Summer,0
Near North,2023,46170,False,JUL,7,Summer,0
Near North,2023,46170,False,AUG,8,Summer,0
Near North,2023,46170,False,SEP,9,Fall,0
Near North,2023,46170,False,OCT,10,Fall,0
Near North,2023,46170,False,NOV,11,Fall,0
Near North,2023,46170,False,DEC,12,Winter,0
North Austin,2023,8740,False,JAN,1,Winter,1632
North Austin,2023,8740,False,FEB,2,Winter,1472
North Austin,2023,8740,False,MAR,3,Spring,1880
North Austin,2023,8740,False,APR,4,Spring,1925
North Austin,2023,8740,False,MAY,5,Spring,1831
North Austin,2023,8740,False,JUN,6,Summer,0
North Austin,2023,8740,False,JUL,7,Summer,0
North Austin,2023,8740,False,AUG,8,Summer,0
North Austin,2023,8740,False,SEP,9,Fall,0
North Austin,2023,8740,False,OCT,10,Fall,0
North Austin,2023,8740,False,NOV,11,Fall,0
North Austin,2023,8740,False,DEC,12,Winter,0
North Pulaski,2023,13198,False,JAN,1,Winter,2612
North Pulaski,2023,13198,False,FEB,2,Winter,2322
North Pulaski,2023,13198,False,MAR,3,Spring,2771
North Pulaski,2023,13198,False,APR,4,Spring,2719
North Pulaski,2023,13198,False,MAY,5,Spring,2774
North Pulaski,2023,13198,False,JUN,6,Summer,0
North Pulaski,2023,13198,False,JUL,7,Summer,0
North Pulaski,2023,13198,False,AUG,8,Summer,0
North Pulaski,2023,13198,False,SEP,9,Fall,0
North Pulaski,2023,13198,False,OCT,10,Fall,0
North Pulaski,2023,13198,False,NOV,11,Fall,0
North Pulaski,2023,13198,False,DEC,12,Winter,0
Northtown,2023,40078,False,JAN,1,Winter,6176
Northtown,2023,40078,False,FEB,2,Winter,10135
Northtown,2023,40078,False,MAR,3,Spring,9397
Northtown,2023,40078,False,APR,4,Spring,8077
Northtown,2023,40078,False,MAY,5,Spring,6293
Northtown,2023,40078,False,JUN,6,Summer,0
Northtown,2023,40078,False,JUL,7,Summer,0
Northtown,2023,40078,False,AUG,8,Summer,0
Northtown,2023,40078,False,SEP,9,Fall,0
Northtown,2023,40078,False,OCT,10,Fall,0
Northtown,2023,40078,False,NOV,11,Fall,0
Northtown,2023,40078,False,DEC,12,Winter,0
Oriole Park,2023,25185,False,JAN,1,Winter,4896
Oriole Park,2023,25185,False,FEB,2,Winter,4824
Oriole Park,2023,25185,False,MAR,3,Spring,5486
Oriole Park,2023,25185,False,APR,4,Spring,5025
Oriole Park,2023,25185,False,MAY,5,Spring,4954
Oriole Park,2023,25185,False,JUN,6,Summer,0
Oriole Park,2023,25185,False,JUL,7,Summer,0
Oriole Park,2023,25185,False,AUG,8,Summer,0
Oriole Park,2023,25185,False,SEP,9,Fall,0
Oriole Park,2023,25185,False,OCT,10,Fall,0
Oriole Park,2023,25185,False,NOV,11,Fall,0
Oriole Park,2023,25185,False,DEC,12,Winter,0
Portage-Cragin,2023,36891,False,JAN,1,Winter,4569
Portage-Cragin,2023,36891,False,FEB,2,Winter,7520
Portage-Cragin,2023,36891,False,MAR,3,Spring,9359
Portage-Cragin,2023,36891,False,APR,4,Spring,8386
Portage-Cragin,2023,36891,False,MAY,5,Spring,7057
Portage-Cragin,2023,36891,False,JUN,6,Summer,0
Portage-Cragin,2023,36891,False,JUL,7,Summer,0
Portage-Cragin,2023,36891,False,AUG,8,Summer,0
Portage-Cragin,2023,36891,False,SEP,9,Fall,0
Portage-Cragin,2023,36891,False,OCT,10,Fall,0
Portage-Cragin,2023,36891,False,NOV,11,Fall,0
Portage-Cragin,2023,36891,False,DEC,12,Winter,0
Pullman,2023,17425,False,JAN,1,Winter,2874
Pullman,2023,17425,False,FEB,2,Winter,3466
Pullman,2023,17425,False,MAR,3,Spring,3866
Pullman,2023,17425,False,APR,4,Spring,3738
Pullman,2023,17425,False,MAY,5,Spring,3481
Pullman,2023,17425,False,JUN,6,Summer,0
Pullman,2023,17425,False,JUL,7,Summer,0
Pullman,2023,17425,False,AUG,8,Summer,0
Pullman,2023,17425,False,SEP,9,Fall,0
Pullman,2023,17425,False,OCT,10,Fall,0
Pullman,2023,17425,False,NOV,11,Fall,0
Pullman,2023,17425,False,DEC,12,Winter,0
Roden,2023,44836,False,JAN,1,Winter,4217
Roden,2023,44836,False,FEB,2,Winter,13491
Roden,2023,44836,False,MAR,3,Spring,13435
Roden,2023,44836,False,APR,4,Spring,9104
Roden,2023,44836,False,MAY,5,Spring,4589
Roden,2023,44836,False,JUN,6,Summer,0
Roden,2023,44836,False,JUL,7,Summer,0
Roden,2023,44836,False,AUG,8,Summer,0
Roden,2023,44836,False,SEP,9,Fall,0
Roden,2023,44836,False,OCT,10,Fall,0
Roden,2023,44836,False,NOV,11,Fall,0
Roden,2023,44836,False,DEC,12,Winter,0
Rogers Park,2023,46336,False,JAN,1,Winter,6634
Rogers Park,2023,46336,False,FEB,2,Winter,7712
Rogers Park,2023,46336,False,MAR,3,Spring,11081
Rogers Park,2023,46336,False,APR,4,Spring,10685
Rogers Park,2023,46336,False,MAY,5,Spring,10224
Rogers Park,2023,46336,False,JUN,6,Summer,0
Rogers Park,2023,46336,False,JUL,7,Summer,0
Rogers Park,2023,46336,False,AUG,8,Summer,0
Rogers Park,2023,46336,False,SEP,9,Fall,0
Rogers Park,2023,46336,False,OCT,10,Fall,0
Rogers Park,2023,46336,False,NOV,11,Fall,0
Rogers Park,2023,46336,False,DEC,12,Winter,0
Scottsdale,2023,17374,False,JAN,1,Winter,2976
Scottsdale,2023,17374,False,FEB,2,Winter,3537
Scottsdale,2023,17374,False,MAR,3,Spring,3839
Scottsdale,2023,17374,False,APR,4,Spring,3764
Scottsdale,2023,17374,False,MAY,5,Spring,3258
Scottsdale,2023,17374,False,JUN,6,Summer,0
Scottsdale,2023,17374,False,JUL,7,Summer,0
Scottsdale,2023,17374,False,AUG,8,Summer,0
Scottsdale,2023,17374,False,SEP,9,Fall,0
Scottsdale,2023,17374,False,OCT,10,Fall,0
Scottsdale,2023,17374,False,NOV,11,Fall,0
Scottsdale,2023,17374,False,DEC,12,Winter,0
Sherman Park,2023,5691,False,JAN,1,Winter,964
Sherman Park,2023,5691,False,FEB,2,Winter,1225
Sherman Park,2023,5691,False,MAR,3,Spring,1200
Sherman Park,2023,5691,False,APR,4,Spring,1195
Sherman Park,2023,5691,False,MAY,5,Spring,1107
Sherman Park,2023,5691,False,JUN,6,Summer,0
Sherman Park,2023,5691,False,JUL,7,Summer,0
Sherman Park,2023,5691,False,AUG,8,Summer,0
Sherman Park,2023,5691,False,SEP,9,Fall,0
Sherman Park,2023,5691,False,OCT,10,Fall,0
Sherman Park,2023,5691,False,NOV,11,Fall,0
Sherman Park,2023,5691,False,DEC,12,Winter,0
South Chicago,2023,15947,False,JAN,1,Winter,3160
South Chicago,2023,15947,False,FEB,2,Winter,2950
South Chicago,2023,15947,False,MAR,3,Spring,3729
South Chicago,2023,15947,False,APR,4,Spring,2989
South Chicago,2023,15947,False,MAY,5,Spring,3119
South Chicago,2023,15947,False,JUN,6,Summer,0
South Chicago,2023,15947,False,JUL,7,Summer,0
South Chicago,2023,15947,False,AUG,8,Summer,0
South Chicago,2023,15947,False,SEP,9,Fall,0
South Chicago,2023,15947,False,OCT,10,Fall,0
South Chicago,2023,15947,False,NOV,11,Fall,0
South Chicago,2023,15947,False,DEC,12,Winter,0
South Shore,2023,10992,False,JAN,1,Winter,1736
South Shore,2023,10992,False,FEB,2,Winter,2083
South Shore,2023,10992,False,MAR,3,Spring,2268
South Shore,2023,10992,False,APR,4,Spring,2369
South Shore,2023,10992,False,MAY,5,Spring,2536
South Shore,2023,10992,False,JUN,6,Summer,0
South Shore,2023,10992,False,JUL,7,Summer,0
South Shore,2023,10992,False,AUG,8,Summer,0
South Shore,2023,10992,False,SEP,9,Fall,0
South Shore,2023,10992,False,OCT,10,Fall,0
South Shore,2023,10992,False,NOV,11,Fall,0
South Shore,2023,10992,False,DEC,12,Winter,0
Sulzer Regional Library,2023,101356,False,JAN,1,Winter,19382
Sulzer Regional Library,2023,101356,False,FEB,2,Winter,19383
Sulzer Regional Library,2023,101356,False,MAR,3,Spring,22779
Sulzer Regional Library,2023,101356,False,APR,4,Spring,19675
Sulzer Regional Library,2023,101356,False,MAY,5,Spring,20137
Sulzer Regional Library,2023,101356,False,JUN,6,Summer,0
Sulzer Regional Library,2023,101356,False,JUL,7,Summer,0
Sulzer Regional Library,2023,101356,False,AUG,8,Summer,0
Sulzer Regional Library,2023,101356,False,SEP,9,Fall,0
Sulzer Regional Library,2023,101356,False,OCT,10,Fall,0
Sulzer Regional Library,2023,101356,False,NOV,11,Fall,0
Sulzer Regional Library,2023,101356,False,DEC,12,Winter,0
Thurgood Marshall,2023,24656,False,JAN,1,Winter,3169
Thurgood Marshall,2023,24656,False,FEB,2,Winter,5731
Thurgood Marshall,2023,24656,False,MAR,3,Spring,6439
Thurgood Marshall,2023,24656,False,APR,4,Spring,5623
Thurgood Marshall,2023,24656,False,MAY,5,Spring,3694
Thurgood Marshall,2023,24656,False,JUN,6,Summer,0
Thurgood Marshall,2023,24656,False,JUL,7,Summer,0
Thurgood Marshall,2023,24656,False,AUG,8,Summer,0
Thurgood Marshall,2023,24656,False,SEP,9,Fall,0
Thurgood Marshall,2023,24656,False,OCT,10,Fall,0
Thurgood Marshall,2023,24656,False,NOV,11,Fall,0
Thurgood Marshall,2023,24656,False,DEC,12,Winter,0
Toman,2023,13865,False,JAN,1,Winter,2431
Toman,2023,13865,False,FEB,2,Winter,3178
Toman,2023,13865,False,MAR,3,Spring,2881
Toman,2023,13865,False,APR,4,Spring,2383
Toman,2023,13865,False,MAY,5,Spring,2992
Toman,2023,13865,False,JUN,6,Summer,0
Toman,2023,13865,False,JUL,7,Summer,0
Toman,2023,13865,False,AUG,8,Summer,0
Toman,2023,13865,False,SEP,9,Fall,0
Toman,2023,13865,False,OCT,10,Fall,0
Toman,2023,13865,False,NOV,11,Fall,0
Toman,2023,13865,False,DEC,12,Winter,0
Uptown,2023,37938,False,JAN,1,Winter,6937
Uptown,2023,37938,False,FEB,2,Winter,6885
Uptown,2023,37938,False,MAR,3,Spring,7865
Uptown,2023,37938,False,APR,4,Spring,8517
Uptown,2023,37938,False,MAY,5,Spring,7734
Uptown,2023,37938,False,JUN,6,Summer,0
Uptown,2023,37938,False,JUL,7,Summer,0
Uptown,2023,37938,False,AUG,8,Summer,0
Uptown,2023,37938,False,SEP,9,Fall,0
Uptown,2023,37938,False,OCT,10,Fall,0
Uptown,2023,37938,False,NOV,11,Fall,0
Uptown,2023,37938,False,DEC,12,Winter,0
Vodak-East Side,2023,15728,False,JAN,1,Winter,2632
Vodak-East Side,2023,15728,False,FEB,2,Winter,3316
Vodak-East Side,2023,15728,False,MAR,3,Spring,3622
Vodak-East Side,2023,15728,False,APR,4,Spring,3454
Vodak-East Side,2023,15728,False,MAY,5,Spring,2704
Vodak-East Side,2023,15728,False,JUN,6,Summer,0
Vodak-East Side,2023,15728,False,JUL,7,Summer,0
Vodak-East Side,2023,15728,False,AUG,8,Summer,0
Vodak-East Side,2023,15728,False,SEP,9,Fall,0
Vodak-East Side,2023,15728,False,OCT,10,Fall,0
Vodak-East Side,2023,15728,False,NOV,11,Fall,0
Vodak-East Side,2023,15728,False,DEC,12,Winter,0
Walker,2023,8275,False,JAN,1,Winter,1090
Walker,2023,8275,False,FEB,2,Winter,1914
Walker,2023,8275,False,MAR,3,Spring,2029
Walker,2023,8275,False,APR,4,Spring,1754
Walker,2023,8275,False,MAY,5,Spring,1488
Walker,2023,8275,False,JUN,6,Summer,0
Walker,2023,8275,False,JUL,7,Summer,0
Walker,2023,8275,False,AUG,8,Summer,0
Walker,2023,8275,False,SEP,9,Fall,0
Walker,2023,8275,False,OCT,10,Fall,0
Walker,2023,8275,False,NOV,11,Fall,0
Walker,2023,8275,False,DEC,12,Winter,0
Water Works,2023,20186,False,JAN,1,Winter,3786
Water Works,2023,20186,False,FEB,2,Winter,3634
Water Works,2023,20186,False,MAR,3,Spring,4445
Water Works,2023,20186,False,APR,4,Spring,4120
Water Works,2023,20186,False,MAY,5,Spring,4201
Water Works,2023,20186,False,JUN,6,Summer,0
Water Works,2023,20186,False,JUL,7,Summer,0
Water Works,2023,20186,False,AUG,8,Summer,0
Water Works,2023,20186,False,SEP,9,Fall,0
Water Works,2023,20186,False,OCT,10,Fall,0
Water Works,2023,20186,False,NOV,11,Fall,0
Water Works,2023,20186,False,DEC,12,Winter,0
West Belmont,2023,26644,False,JAN,1,Winter,3469
West Belmont,2023,26644,False,FEB,2,Winter,7391
West Belmont,2023,26644,False,MAR,3,Spring,6795
West Belmont,2023,26644,False,APR,4,Spring,5312
West Belmont,2023,26644,False,MAY,5,Spring,3677
West Belmont,2023,26644,False,JUN,6,Summer,0
West Belmont,2023,26644,False,JUL,7,Summer,0
West Belmont,2023,26644,False,AUG,8,Summer,0
West Belmont,2023,26644,False,SEP,9,Fall,0
West Belmont,2023,26644,False,OCT,10,Fall,0
West Belmont,2023,26644,False,NOV,11,Fall,0
West Belmont,2023,26644,False,DEC,12,Winter,0
West Chicago Avenue,2023,9288,False,JAN,1,Winter,1291
West Chicago Avenue,2023,9288,False,FEB,2,Winter,1499
West Chicago Avenue,2023,9288,False,MAR,3,Spring,2886
West Chicago Avenue,2023,9288,False,APR,4,Spring,1989
West Chicago Avenue,2023,9288,False,MAY,5,Spring,1623
West Chicago Avenue,2023,9288,False,JUN,6,Summer,0
West Chicago Avenue,2023,9288,False,JUL,7,Summer,0
West Chicago Avenue,2023,9288,False,AUG,8,Summer,0
West Chicago Avenue,2023,9288,False,SEP,9,Fall,0
West Chicago Avenue,2023,9288,False,OCT,10,Fall,0
West Chicago Avenue,2023,9288,False,NOV,11,Fall,0
West Chicago Avenue,2023,9288,False,DEC,12,Winter,0
West Englewood,2023,12326,False,JAN,1,Winter,2120
West Englewood,2023,12326,False,FEB,2,Winter,2508
West Englewood,2023,12326,False,MAR,3,Spring,2557
West Englewood,2023,12326,False,APR,4,Spring,2559
West Englewood,2023,12326,False,MAY,5,Spring,2582
West Englewood,2023,12326,False,JUN,6,Summer,0
West Englewood,2023,12326,False,JUL,7,Summer,0
West Englewood,2023,12326,False,AUG,8,Summer,0
West Englewood,2023,12326,False,SEP,9,Fall,0
West Englewood,2023,12326,False,OCT,10,Fall,0
West Englewood,2023,12326,False,NOV,11,Fall,0
West Englewood,2023,12326,False,DEC,12,Winter,0
West Lawn,2023,17401,False,JAN,1,Winter,2769
West Lawn,2023,17401,False,FEB,2,Winter,3212
West Lawn,2023,17401,False,MAR,3,Spring,3589
West Lawn,2023,17401,False,APR,4,Spring,3999
West Lawn,2023,17401,False,MAY,5,Spring,3832
West Lawn,2023,17401,False,JUN,6,Summer,0
West Lawn,2023,17401,False,JUL,7,Summer,0
West Lawn,2023,17401,False,AUG,8,Summer,0
West Lawn,2023,17401,False,SEP,9,Fall,0
West Lawn,2023,17401,False,OCT,10,Fall,0
West Lawn,2023,17401,False,NOV,11,Fall,0
West Lawn,2023,17401,False,DEC,12,Winter,0
West Loop,2023,28361,False,JAN,1,Winter,5796
West Loop,2023,28361,False,FEB,2,Winter,5291
West Loop,2023,28361,False,MAR,3,Spring,6469
West Loop,2023,28361,False,APR,4,Spring,5617
West Loop,2023,28361,False,MAY,5,Spring,5188
West Loop,2023,28361,False,JUN,6,Summer,0
West Loop,2023,28361,False,JUL,7,Summer,0
West Loop,2023,28361,False,AUG,8,Summer,0
West Loop,2023,28361,False,SEP,9,Fall,0
West Loop,2023,28361,False,OCT,10,Fall,0
West Loop,2023,28361,False,NOV,11,Fall,0
West Loop,2023,28361,False,DEC,12,Winter,0
West Pullman,2023,26783,False,JAN,1,Winter,2432
West Pullman,2023,26783,False,FEB,2,Winter,8510
West Pullman,2023,26783,False,MAR,3,Spring,7576
West Pullman,2023,26783,False,APR,4,Spring,5448
West Pullman,2023,26783,False,MAY,5,Spring,2817
West Pullman,2023,26783,False,JUN,6,Summer,0
West Pullman,2023,26783,False,JUL,7,Summer,0
West Pullman,2023,26783,False,AUG,8,Summer,0
West Pullman,2023,26783,False,SEP,9,Fall,0
West Pullman,2023,26783,False,OCT,10,Fall,0
West Pullman,2023,26783,False,NOV,11,Fall,0
West Pullman,2023,26783,False,DEC,12,Winter,0
West Town,2023,35757,False,JAN,1,Winter,6684
West Town,2023,35757,False,FEB,2,Winter,6765
West Town,2023,35757,False,MAR,3,Spring,8422
West Town,2023,35757,False,APR,4,Spring,7309
West Town,2023,35757,False,MAY,5,Spring,6577
West Town,2023,35757,False,JUN,6,Summer,0
West Town,2023,35757,False,JUL,7,Summer,0
West Town,2023,35757,False,AUG,8,Summer,0
West Town,2023,35757,False,SEP,9,Fall,0
West Town,2023,35757,False,OCT,10,Fall,0
West Town,2023,35757,False,NOV,11,Fall,0
West Town,2023,35757,False,DEC,12,Winter,0
"Whitney M. Young, Jr.",2023,16494,False,JAN,1,Winter,1976
"Whitney M. Young, Jr.",2023,16494,False,FEB,2,Winter,3628
"Whitney M. Young, Jr.",2023,16494,False,MAR,3,Spring,4051
"Whitney M. Young, Jr.",2023,16494,False,APR,4,Spring,4577
"Whitney M. Young, Jr.",2023,16494,False,MAY,5,Spring,2262
"Whitney M. Young, Jr.",2023,16494,False,JUN,6,Summer,0
"Whitney M. Young, Jr.",2023,16494,False,JUL,7,Summer,0
"Whitney M. Young, Jr.",2023,16494,False,AUG,8,Summer,0
"Whitney M. Young, Jr.",2023,16494,False,SEP,9,Fall,0
"Whitney M. Young, Jr.",2023,16494,False,OCT,10,Fall,0
"Whitney M. Young, Jr.",2023,16494,False,NOV,11,Fall,0
"Whitney M. Young, Jr.",2023,16494,False,DEC,12,Winter,0
Woodson Regional Library,2023,30324,False,JAN,1,Winter,4608
Woodson Regional Library,2023,30324,False,FEB,2,Winter,5169
Woodson Regional Library,2023,30324,False,MAR,3,Spring,7259
Woodson Regional Library,2023,30324,False,APR,4,Spring,7072
Woodson Regional Library,2023,30324,False,MAY,5,Spring,6216
Woodson Regional Library,2023,30324,False,JUN,6,Summer,0
Woodson Regional Library,2023,30324,False,JUL,7,Summer,0
Woodson Regional Library,2023,30324,False,AUG,8,Summer,0
Woodson Regional Library,2023,30324,False,SEP,9,Fall,0
Woodson Regional Library,2023,30324,False,OCT,10,Fall,0
Woodson Regional Library,2023,30324,False,NOV,11,Fall,0
Woodson Regional Library,2023,30324,False,DEC,12,Winter,0
Wrightwood-Ashburn,2023,26008,False,JAN,1,Winter,1625
Wrightwood-Ashburn,2023,26008,False,FEB,2,Winter,12146
Wrightwood-Ashburn,2023,26008,False,MAR,3,Spring,6312
Wrightwood-Ashburn,2023,26008,False,APR,4,Spring,4074
Wrightwood-Ashburn,2023,26008,False,MAY,5,Spring,1851
Wrightwood-Ashburn,2023,26008,False,JUN,6,Summer,0
Wrightwood-Ashburn,2023,26008,False,JUL,7,Summer,0
Wrightwood-Ashburn,2023,26008,False,AUG,8,Summer,0
Wrightwood-Ashburn,2023,26008,False,SEP,9,Fall,0
Wrightwood-Ashburn,2023,26008,False,OCT,10,Fall,0
Wrightwood-Ashburn,2023,26008,False,NOV,11,Fall,0
Wrightwood-Ashburn,2023,26008,False,DEC,12,Winter,0
